chazhi,watersupply,population,waterload,time,area
13.3,40,2184,23.7,2022/1/1,北京市
7.8,33.6,1363,16.6,2022/1/1,天津市
41.7,182.4,7420,188,2022/1/1,河北省
-36.6,72.1,3481,153.5,2022/1/1,山西省
-266.1,191.5,2401,509.2,2022/1/1,内蒙古自治区
-155.5,126,4197,561.7,2022/1/1,辽宁省
-224.5,104.5,2348,705.1,2022/1/1,吉林省
-392.7,307.7,3099,918.5,2022/1/1,黑龙江省
93.1,105.7,2475,33.1,2022/1/1,上海市
321.6,611.8,8515,192.8,2022/1/1,江苏省
-467.9,167.8,6577,934.3,2022/1/1,浙江省
-291,300.5,6127,545.2,2022/1/1,安徽省
-527.3,167.9,4188,1174.7,2022/1/1,福建省
-831.1,269.8,4528,1556.2,2022/1/1,江西省
-134.6,217,10163,508.9,2022/1/1,山东省
-205.9,228,9872,249.4,2022/1/1,河南省
-683.7,353.1,5844,714.2,2022/1/1,湖北省
-1317.7,331,6604,1683.8,2022/1/1,湖南省
-722.9,401.7,12657,2223.6,2022/1/1,广东省
-1313.7,264,5047,2208.5,2022/1/1,广西壮族自治区
-124.8,45.6,1027,363.8,2022/1/1,海南省
-491.3,68.8,3213,373.5,2022/1/1,重庆市
-2223.8,251.6,8374,2209.2,2022/1/1,四川省
-896.7,96.3,3856,912.4,2022/1/1,贵州省
-1959.4,163.4,4693,1742.8,2022/1/1,云南省
-4637.2,31.8,364,4139.7,2022/1/1,西藏自治区
-233.9,94.9,3956,365.8,2022/1/1,陕西省
-50.1,112.9,2492,231,2022/1/1,甘肃省
-576.6,24.5,595,725.7,2022/1/1,青海省
64.1,66.3,728,8.9,2022/1/1,宁夏回族自治区
-358.3,566.4,2587,914.1,2022/1/1,新疆维吾尔自治区
11.3,40.8,2189,61.3,2021/1/1,北京市
12.5,32.3,1373,39.8,2021/1/1,天津市
67.2,181.9,7448,376.6,2021/1/1,河北省
-28.4,72.6,3480,207.9,2021/1/1,山西省
-281.4,191.7,2400,942.9,2021/1/1,内蒙古自治区
-243.9,129,4229,511.7,2021/1/1,辽宁省
-461.3,110.2,2375,459.2,2021/1/1,吉林省
-472.8,324.5,3125,1196.3,2021/1/1,黑龙江省
96.8,105.8,2489,53.9,2021/1/1,上海市
52.7,567.5,8505,500.8,2021/1/1,江苏省
-804.5,166.4,6540,1344.7,2021/1/1,浙江省
-511.3,271.7,6113,883.3,2021/1/1,安徽省
-1214.2,182.6,4187,758.7,2021/1/1,福建省
-1302,249.4,4517,1419.7,2021/1/1,江西省
-204.9,210.1,10170,525.3,2021/1/1,山东省
-360.7,222.9,9883,689.2,2021/1/1,河南省
-680.6,336.1,5830,1188.8,2021/1/1,湖北省
-1342.6,322.4,6622,1790.6,2021/1/1,湖南省
-1288.5,407,12684,1221.2,2021/1/1,广东省
-1407.9,268.5,5037,1541.2,2021/1/1,广西壮族自治区
-263.2,45,1020,341.6,2021/1/1,海南省
-438.6,72.1,3212,750.8,2021/1/1,重庆市
-2710.3,244.3,8372,2924.5,2021/1/1,四川省
-737.4,104.1,3852,1091.4,2021/1/1,贵州省
-1699.6,160.3,4690,1615.8,2021/1/1,云南省
-4417.9,32.4,366,4408.9,2021/1/1,西藏自治区
-411.8,91.8,3954,852.5,2021/1/1,陕西省
-146.6,110.1,2490,279,2021/1/1,甘肃省
-845.4,24.5,594,842.2,2021/1/1,青海省
69.6,68.1,725,9.3,2021/1/1,宁夏回族自治区
-454.3,573.9,2589,809,2021/1/1,新疆维吾尔自治区
12.2,40.6,2189,25.8,2020/1/1,北京市
12.9,27.8,1387,13.3,2020/1/1,天津市
96.7,182.8,7464,146.3,2020/1/1,河北省
-29.2,72.8,3490,115.2,2020/1/1,山西省
-232.6,194.4,2403,503.9,2020/1/1,内蒙古自治区
-120.2,129.3,4255,397.1,2020/1/1,辽宁省
-250.7,117.7,2399,586.2,2020/1/1,吉林省
-441.7,314.1,3171,1419.9,2020/1/1,黑龙江省
91,97.5,2488,58.6,2020/1/1,上海市
142,572,8477,543.4,2020/1/1,江苏省
-695.3,163.9,6468,1026.6,2020/1/1,浙江省
-338.6,268.3,6105,1280.4,2020/1/1,安徽省
-1436.2,183,4161,760.3,2020/1/1,福建省
-1424.3,244.1,4519,1685.6,2020/1/1,江西省
26.5,222.5,10165,375.3,2020/1/1,山东省
-94.8,237.1,9941,408.6,2020/1/1,河南省
-380.9,278.9,5745,1754.7,2020/1/1,湖北省
-1442.6,305.1,6645,2118.9,2020/1/1,湖南省
-1756.8,405.1,12624,1626,2020/1/1,广东省
-1566.7,261.1,5019,2114.8,2020/1/1,广西壮族自治区
-181.1,44,1012,263.6,2020/1/1,海南省
-307.1,70.1,3209,766.9,2020/1/1,重庆市
-1650.7,236.9,8371,3237.3,2020/1/1,四川省
-714.6,90.1,3858,1328.6,2020/1/1,贵州省
-1566.9,156,4722,1799.2,2020/1/1,云南省
-4122.1,32.2,366,4597.3,2020/1/1,西藏自治区
-191.4,90.6,3955,419.6,2020/1/1,陕西省
-62.3,109.9,2501,408,2020/1/1,甘肃省
-536.8,24.3,593,1011.9,2020/1/1,青海省
67,70.2,721,11,2020/1/1,宁夏回族自治区
-439.7,570.4,2590,801,2020/1/1,新疆维吾尔自治区
11,41.7,2190,24.6,2019/1/1,北京市
12.1,28.4,1385,8.1,2019/1/1,天津市
82.7,182.3,7447,113.5,2019/1/1,河北省
-44.7,76,3497,97.3,2019/1/1,山西省
-115.9,190.9,2415,447.9,2019/1/1,内蒙古自治区
-118.8,130.3,4277,256,2019/1/1,辽宁省
-245.2,115.4,2448,506.1,2019/1/1,吉林省
-200.4,310.4,3255,1511.4,2019/1/1,黑龙江省
85.7,100.9,2481,48.3,2019/1/1,上海市
62.6,619.1,8469,231.7,2019/1/1,江苏省
-681.1,165.8,6375,1321.5,2019/1/1,浙江省
-480.4,277.7,6092,539.9,2019/1/1,安徽省
-876.6,177.5,4137,1363.9,2019/1/1,福建省
-878.1,253.3,4516,2051.6,2019/1/1,江西省
-167.6,225.3,10106,195.2,2019/1/1,山东省
-255.9,237.8,9901,168.6,2019/1/1,河南省
-756.4,303.2,5927,613.7,2019/1/1,湖北省
-1102.2,333,6640,2098.3,2019/1/1,湖南省
-1118.7,412.3,12489,2068.2,2019/1/1,广东省
-1075.9,283.4,4982,2105.1,2019/1/1,广西壮族自治区
-236.8,46.4,995,252.3,2019/1/1,海南省
-585.6,76.5,3188,498.1,2019/1/1,重庆市
-2085.8,252.4,8351,2748.9,2019/1/1,四川省
-956.6,108.1,3848,1117,2019/1/1,贵州省
-2105.5,154.9,4714,1533.8,2019/1/1,云南省
-4284.7,32,361,4496.9,2019/1/1,西藏自治区
-295.5,92.6,3944,495.3,2019/1/1,陕西省
-106.2,110,2509,325.9,2019/1/1,甘肃省
-630.5,26.2,590,919.3,2019/1/1,青海省
60.6,69.9,717,12.6,2019/1/1,宁夏回族自治区
-346.1,587.7,2559,870.1,2019/1/1,新疆维吾尔自治区
0.9,39.3,2192,35.5,2018/1/1,北京市
4,28.4,1383,17.6,2018/1/1,天津市
34,182.4,7426,164.1,2018/1/1,河北省
-30.5,74.3,3502,121.9,2018/1/1,山西省
-236.3,192.1,2422,461.5,2018/1/1,内蒙古自治区
-123.2,130.3,4291,235.4,2018/1/1,辽宁省
-227.9,119.5,2484,481.2,2018/1/1,吉林省
-165,343.9,3327,1011.4,2018/1/1,黑龙江省
82.8,103.4,2475,38.7,2018/1/1,上海市
180.3,592,8446,378.4,2018/1/1,江苏省
-638.6,173.8,6273,866.2,2018/1/1,浙江省
-432.9,285.8,6076,835.8,2018/1/1,安徽省
-838.9,186.9,4104,778.5,2018/1/1,福建省
-1122,250.8,4513,1149.1,2018/1/1,江西省
-108.8,212.7,10077,343.3,2018/1/1,山东省
-143.8,234.6,9864,339.8,2018/1/1,河南省
-763.2,296.9,5917,857,2018/1/1,湖北省
-1276.4,337,6635,1342.9,2018/1/1,湖南省
-1745.3,420.9,12348,1895.1,2018/1/1,广东省
-1972.4,287.8,4947,1831,2018/1/1,广西壮族自治区
-372.2,45.1,982,418.1,2018/1/1,海南省
-494.1,77.2,3163,524.2,2018/1/1,重庆市
-2282.3,259.1,8321,2952.6,2018/1/1,四川省
-1038.8,106.8,3822,978.7,2018/1/1,贵州省
-2161.4,155.7,4703,2206.5,2018/1/1,云南省
-4522.7,31.7,354,4658.2,2018/1/1,西藏自治区
-218.5,93.7,3931,371.4,2018/1/1,陕西省
-65.3,112.3,2515,333.3,2018/1/1,甘肃省
-623.7,26.1,587,961.9,2018/1/1,青海省
65,66.2,710,14.7,2018/1/1,宁夏回族自治区
-287.4,548.8,2520,858.8,2018/1/1,新疆维吾尔自治区
13.7,39.5,2194,29.8,2017/1/1,北京市
8.2,27.5,1410,13,2017/1/1,天津市
52.5,181.6,7409,138.3,2017/1/1,河北省
-29.5,74.9,3510,130.2,2017/1/1,山西省
-196.8,188,2433,309.9,2017/1/1,内蒙古自治区
-28.2,131.1,4312,186.3,2017/1/1,辽宁省
-186.9,126.7,2526,394.4,2017/1/1,吉林省
-673.3,353.1,3399,742.5,2017/1/1,黑龙江省
83.6,104.8,2466,34,2017/1/1,上海市
148.9,591.3,8423,392.9,2017/1/1,江苏省
-733.5,179.5,6170,895.3,2017/1/1,浙江省
-441.2,290.3,6057,784.9,2017/1/1,安徽省
-599.4,192,4065,1055.6,2017/1/1,福建省
-925.6,248,4511,1655.1,2017/1/1,江西省
-65,209.5,10033,225.6,2017/1/1,山东省
-95.1,233.8,9829,423.1,2017/1/1,河南省
-543.9,290.3,5904,1248.8,2017/1/1,湖北省
-1078.2,326.9,6633,1912.4,2017/1/1,湖南省
-1150.3,433.5,12141,1786.6,2017/1/1,广东省
-1180.9,284.9,4907,2388,2017/1/1,广西壮族自治区
-436.2,45.6,972,383.9,2017/1/1,海南省
-370.6,77.4,3144,656.1,2017/1/1,重庆市
-2108.7,268.4,8289,2467.1,2017/1/1,四川省
-809.6,103.5,3803,1051.5,2017/1/1,贵州省
-1424,156.6,4693,2202.6,2017/1/1,云南省
-3998.3,31.4,349,4749.9,2017/1/1,西藏自治区
-332.2,93,3904,449.1,2017/1/1,陕西省
-88.4,116.1,2522,238.9,2017/1/1,甘肃省
-866.3,25.8,586,785.7,2017/1/1,青海省
63.8,66.1,705,10.8,2017/1/1,宁夏回族自治区
-223.4,552.3,2480,1018.6,2017/1/1,新疆维吾尔自治区
12.1,38.8,2195,35.1,2016/1/1,北京市
13.3,27.2,1443,18.9,2016/1/1,天津市
54.8,182.6,7375,208.3,2016/1/1,河北省
-27.7,75.5,3514,134.1,2016/1/1,山西省
-206.6,190.3,2436,426.5,2016/1/1,内蒙古自治区
-463,135.4,4327,331.6,2016/1/1,辽宁省
-566.7,132.5,2567,488.8,2016/1/1,吉林省
-528.5,352.6,3463,843.7,2016/1/1,黑龙江省
89.5,104.8,2467,61,2016/1/1,上海市
168.7,577.4,8381,741.7,2016/1/1,江苏省
-1195.6,181.1,6072,1323.3,2016/1/1,浙江省
-629.7,290.7,6033,1245.2,2016/1/1,安徽省
-1450.2,189.1,4016,2109,2016/1/1,福建省
-2035.8,245.4,4496,2221.1,2016/1/1,江西省
-86.6,214,9973,220.3,2016/1/1,山东省
-310.3,227.6,9778,337.3,2016/1/1,河南省
-980.7,282,5885,1498,2016/1/1,湖北省
-1581.4,330.4,6625,2196.6,2016/1/1,湖南省
-1529.8,435,11908,2458.6,2016/1/1,广东省
-1522,290.6,4857,2178.6,2016/1/1,广西壮族自治区
-435.4,45,957,489.9,2016/1/1,海南省
-377.9,77.5,3110,604.9,2016/1/1,重庆市
-2345,267.3,8251,2340.9,2016/1/1,四川省
-855.1,100.3,3758,1066.1,2016/1/1,贵州省
-1793.9,150.2,4677,2088.9,2016/1/1,云南省
-4557.8,31.1,340,4642.2,2016/1/1,西藏自治区
-424.1,90.8,3874,271.5,2016/1/1,陕西省
-93.4,118.4,2520,168.4,2016/1/1,甘肃省
-710.3,26.4,582,612.7,2016/1/1,青海省
63.1,64.9,695,9.6,2016/1/1,宁夏回族自治区
-578,565.4,2428,1093.4,2016/1/1,新疆维吾尔自治区
9.2,38.2,2188,26.8,2015/1/1,北京市
7.7,25.7,1439,12.8,2015/1/1,天津市
38.8,187.2,7345,135.1,2015/1/1,河北省
-50.1,73.6,3519,94,2015/1/1,山西省
-234.3,185.8,2440,537,2015/1/1,内蒙古自治区
-150.3,140.8,4338,179,2015/1/1,辽宁省
-184.7,133.6,2613,331.3,2015/1/1,吉林省
-277.1,355.3,3529,814.1,2015/1/1,黑龙江省
103.8,103.8,2458,64.1,2015/1/1,上海市
63.8,574.5,8315,582.1,2015/1/1,江苏省
-546.5,186.1,5985,1407.1,2015/1/1,浙江省
-307.7,288.7,6011,914.1,2015/1/1,安徽省
-566.1,201.3,3984,1325.9,2015/1/1,福建省
-775,245.8,4485,2001.2,2015/1/1,江西省
-123.5,212.8,9866,168.4,2015/1/1,山东省
-98.9,222.8,9701,287.2,2015/1/1,河南省
-460.8,301.3,5850,1015.6,2015/1/1,湖北省
-800.4,330.4,6615,1919.3,2015/1/1,湖南省
-1007.1,443.1,11678,1933.4,2015/1/1,广东省
-1048.2,299.3,4811,2433.6,2015/1/1,广西壮族自治区
-439.6,45.8,945,198.2,2015/1/1,海南省
-427.8,79,3070,456.2,2015/1/1,重庆市
-2006,265.5,8196,2220.5,2015/1/1,四川省
-530.1,97.5,3708,1153.7,2015/1/1,贵州省
-1333.4,150.1,4663,1871.9,2015/1/1,云南省
-4371.7,30.8,330,3853,2015/1/1,西藏自治区
-516.6,91.2,3846,333.4,2015/1/1,陕西省
-119.3,119.2,2523,164.8,2015/1/1,甘肃省
-701.9,26.8,577,589.3,2015/1/1,青海省
64.8,70.4,684,9.2,2015/1/1,宁夏回族自治区
-362.2,577.2,2385,930.3,2015/1/1,新疆维吾尔自治区
-3.6,37.5,2171,20.3,2014/1/1,北京市
-9.8,24.1,1429,11.4,2014/1/1,天津市
-40.2,192.8,7323,106.2,2014/1/1,河北省
-32.8,71.4,3528,111,2014/1/1,山西省
-325.9,182,2449,537.8,2014/1/1,内蒙古自治区
-405.1,141.8,4358,145.9,2014/1/1,辽宁省
-330.7,133,2642,306,2014/1/1,吉林省
-482.5,364.1,3608,944.3,2014/1/1,黑龙江省
82.1,105.9,2467,47.1,2014/1/1,上海市
178.9,591.3,8281,399.3,2014/1/1,江苏省
-1246.7,192.9,5890,1132.1,2014/1/1,浙江省
-408.4,272.1,5997,778.5,2014/1/1,安徽省
-1311.3,205.6,3945,1219.6,2014/1/1,福建省
-1931.9,259.3,4480,1631.8,2014/1/1,江西省
-52.5,214.5,9808,148.4,2014/1/1,山东省
-26.9,209.3,9645,283.4,2014/1/1,河南省
-514.6,288.3,5816,914.3,2014/1/1,湖北省
-1660.1,332.4,6611,1799.4,2014/1/1,湖南省
-1575.5,442.5,11489,1718.4,2014/1/1,广东省
-1784.4,307.6,4770,1990.9,2014/1/1,广西壮族自治区
-319,45,936,383.5,2014/1/1,海南省
-394,80.5,3043,642.6,2014/1/1,重庆市
-2646.5,236.9,8139,2557.7,2014/1/1,四川省
-873.2,95.3,3677,1213.1,2014/1/1,贵州省
-1538,149.4,4653,1726.6,2014/1/1,云南省
-4166.6,30.5,325,4416.3,2014/1/1,西藏自治区
-302.5,89.8,3827,351.6,2014/1/1,陕西省
-143.9,120.6,2531,198.4,2014/1/1,甘肃省
-867.8,26.3,576,793.9,2014/1/1,青海省
58.6,70.3,678,10.1,2014/1/1,宁夏回族自治区
-310.5,581.8,2325,726.9,2014/1/1,新疆维吾尔自治区
11.6,36.4,2125,24.8,2013/1/1,北京市
9.2,23.8,1410,14.6,2013/1/1,天津市
15.4,191.3,7288,175.9,2013/1/1,河北省
-52.8,73.8,3535,126.6,2013/1/1,山西省
-776.6,183.2,2455,959.8,2013/1/1,内蒙古自治区
-321.1,142.1,4365,463.2,2013/1/1,辽宁省
-475.9,131.5,2668,607.4,2013/1/1,吉林省
-1057.3,362.3,3666,1419.6,2013/1/1,黑龙江省
95.2,123.2,2448,28,2013/1/1,上海市
293.2,576.7,8192,283.5,2013/1/1,江苏省
-733,198.3,5784,931.3,2013/1/1,浙江省
-289.6,296,5988,585.6,2013/1/1,安徽省
-947.1,204.8,3885,1151.9,2013/1/1,福建省
-1159.2,264.8,4476,1424,2013/1/1,江西省
-73.8,217.9,9746,291.7,2013/1/1,山东省
27.5,240.6,9573,213.1,2013/1/1,河南省
-498.3,291.8,5798,790.1,2013/1/1,湖北省
-1249.5,332.5,6600,1582,2013/1/1,湖南省
-1820,443.2,11270,2263.2,2013/1/1,广东省
-1749.1,308.2,4731,2057.3,2013/1/1,广西壮族自治区
-458.9,43.2,920,502.1,2013/1/1,海南省
-390.4,83.9,3011,474.3,2013/1/1,重庆市
-2227.8,242.5,8109,2470.3,2013/1/1,四川省
-667.4,92,3632,759.4,2013/1/1,贵州省
-1557,149.7,4641,1706.7,2013/1/1,云南省
-4385.4,30.3,317,4415.7,2013/1/1,西藏自治区
-264.6,89.2,3804,353.8,2013/1/1,陕西省
-146.9,122,2537,268.9,2013/1/1,甘肃省
-617.4,28.2,571,645.6,2013/1/1,青海省
60.7,72.1,666,11.4,2013/1/1,宁夏回族自治区
-368,588,2285,956,2013/1/1,新疆维吾尔自治区
17.2,35.9,2078,39.5,2012/1/1,北京市
12.7,23.1,1378,32.9,2012/1/1,天津市
86.6,195.3,7262,235.5,2012/1/1,河北省
-39.6,73.4,3548,106.2,2012/1/1,山西省
-355.8,184.4,2464,510.3,2012/1/1,内蒙古自治区
-4.1,142.2,4375,547.3,2012/1/1,辽宁省
-173,129.8,2698,460.5,2012/1/1,吉林省
-580.2,358.9,3724,841.4,2012/1/1,黑龙江省
58.8,116,2399,33.9,2012/1/1,上海市
192,552.2,8120,373.3,2012/1/1,江苏省
-939.2,198.1,5685,1444.8,2012/1/1,浙江省
-506.4,292.6,5978,701,2012/1/1,安徽省
-1014,200.1,3841,1511.4,2012/1/1,福建省
-1372.5,242.5,4475,2174.4,2012/1/1,江西省
66.1,221.8,9708,274.3,2012/1/1,山东省
-74.1,238.6,9532,265.5,2012/1/1,河南省
-626,299.3,5781,813.9,2012/1/1,湖北省
-1467,328.8,6590,1988.9,2012/1/1,湖南省
-1275.9,451,11041,2026.5,2012/1/1,广东省
-1683.3,303,4694,2087.4,2012/1/1,广西壮族自治区
-338.5,45.3,910,364.3,2012/1/1,海南省
-562.1,82.9,2975,476.9,2012/1/1,重庆市
-2320.8,245.9,8085,2892.4,2012/1/1,四川省
-1117.8,100.8,3587,974,2012/1/1,贵州省
-1577.2,151.8,4631,1689.8,2012/1/1,云南省
-4385.8,29.8,315,4196.4,2012/1/1,西藏自治区
-261.8,88,3787,390.5,2012/1/1,陕西省
-77.8,123.1,2550,267,2012/1/1,甘肃省
-767.6,27.4,571,895.2,2012/1/1,青海省
60.2,69.4,659,10.8,2012/1/1,宁夏回族自治区
-145.1,590.1,2253,900.6,2012/1/1,新疆维吾尔自治区
11.4,36,2024,26.8,2011/1/1,北京市
12.9,23.1,1341,15.4,2011/1/1,天津市
52.1,196,7232,157.2,2011/1/1,河北省
-20.4,74.2,3562,124.3,2011/1/1,山西省
-351.2,184.7,2470,419,2011/1/1,内蒙古自治区
-38.2,144.5,4379,294.8,2011/1/1,辽宁省
-197.7,131.2,2725,315.9,2011/1/1,吉林省
-458.8,352.4,3782,629.5,2011/1/1,黑龙江省
39.7,124.5,2356,20.7,2011/1/1,上海市
-7.6,556.2,8023,492.4,2011/1/1,江苏省
-1221,198.5,5570,745,2011/1/1,浙江省
-625.4,294.6,5972,602.3,2011/1/1,安徽省
-1124.6,208.8,3784,774.9,2011/1/1,福建省
-1755.4,262.9,4474,1037.9,2011/1/1,江西省
44.4,224.1,9665,347.6,2011/1/1,山东省
-64.4,229.1,9461,328,2011/1/1,河南省
-714.3,296.7,5760,757.5,2011/1/1,湖北省
-1588.9,326.5,6581,1126.9,2011/1/1,湖南省
-1490.3,464.2,10756,1471.3,2011/1/1,广东省
-2134.3,301.8,4655,1350,2011/1/1,广西壮族自治区
-152.4,44.5,890,484.1,2011/1/1,海南省
-377.2,86.8,2944,514.6,2011/1/1,重庆市
-1955,233.5,8064,2239.5,2011/1/1,四川省
-1056.2,95.9,3530,626,2011/1/1,贵州省
-1721.8,146.8,4620,1480.2,2011/1/1,云南省
-3822.2,31,309,4402.7,2011/1/1,西藏自治区
-242.2,87.8,3765,604.4,2011/1/1,陕西省
-45.6,122.9,2552,242.2,2011/1/1,甘肃省
-562.5,31.2,568,733.1,2011/1/1,青海省
61.2,73.6,648,8.8,2011/1/1,宁夏回族自治区
-353.1,523.5,2225,885.7,2011/1/1,新疆维吾尔自治区
3.7,35.2,1962,23.1,2010/1/1,北京市
8.3,22.5,1299,9.2,2010/1/1,天津市
-25.7,193.7,7194,138.9,2010/1/1,河北省
-58.6,63.8,3574,91.5,2010/1/1,山西省
-236.2,181.9,2472,388.5,2010/1/1,内蒙古自治区
-196.2,143.7,4375,606.7,2010/1/1,辽宁省
-356.3,120,2747,686.7,2010/1/1,吉林省
-491.1,325,3833,853.5,2010/1/1,黑龙江省
43.8,126.3,2303,36.8,2010/1/1,上海市
-164.3,552.2,7869,383.5,2010/1/1,江苏省
-1142.2,203,5447,1398.6,2010/1/1,浙江省
-954.5,293.1,5957,922.8,2010/1/1,安徽省
-1919.9,202.5,3693,1652.7,2010/1/1,福建省
-1975.7,239.7,4462,2275.5,2010/1/1,江西省
-6.3,222.5,9588,309.1,2010/1/1,山东省
-109.7,224.6,9405,534.9,2010/1/1,河南省
-1216,288,5728,1268.7,2010/1/1,湖北省
-1866.2,325.2,6570,1906.6,2010/1/1,湖南省
-2023.6,469,10441,1998.8,2010/1/1,广东省
-1888,301.6,4610,1823.6,2010/1/1,广西壮族自治区
-444.9,44.4,869,479.8,2010/1/1,海南省
-527.4,86.4,2885,464.3,2010/1/1,重庆市
-2073.6,230.3,8045,2575.3,2010/1/1,四川省
-965.8,101.4,3479,956.5,2010/1/1,贵州省
-1938.7,147.5,4602,1941.4,2010/1/1,云南省
-4611.1,35.2,300,4593,2010/1/1,西藏自治区
-180.7,83.4,3735,507.5,2010/1/1,陕西省
-50,121.8,2560,215.2,2010/1/1,甘肃省
-586.3,30.8,563,741.1,2010/1/1,青海省
55.3,72.4,633,9.3,2010/1/1,宁夏回族自治区
-528,535.1,2185,1113.1,2010/1/1,新疆维吾尔自治区
9.7,35.5,1860,21.8,2009/1/1,北京市
14.5,23.4,1228,15.2,2009/1/1,天津市
43.3,193.7,7034,141.2,2009/1/1,河北省
-55.3,56.3,3427,85.8,2009/1/1,山西省
-121.9,181.3,2458,378.1,2009/1/1,内蒙古自治区
-55.2,142.8,4341,171,2009/1/1,辽宁省
-267.7,111.1,2740,298,2009/1/1,吉林省
-389.4,316.3,3826,989.6,2009/1/1,黑龙江省
70.8,125.2,2210,41.6,2009/1/1,上海市
198.4,549.2,7810,400.3,2009/1/1,江苏省
-715.8,197.8,5276,931.3,2009/1/1,浙江省
-494.6,291.9,6131,733.1,2009/1/1,安徽省
-863.6,201.4,3666,800.8,2009/1/1,福建省
-1407.1,241.3,4432,1166.9,2009/1/1,江西省
-16.1,220,9470,285,2009/1/1,山东省
-189.3,233.7,9487,328.8,2009/1/1,河南省
-958.5,281.4,5720,825.3,2009/1/1,湖北省
-1585.5,322.3,6406,1400.5,2009/1/1,湖南省
-1353.1,463.4,10130,1613.7,2009/1/1,广东省
-2103.1,303.4,4856,1484.3,2009/1/1,广西壮族自治区
-338.3,44.5,864,480.7,2009/1/1,海南省
-578.7,85.3,2859,455.9,2009/1/1,重庆市
-2198.7,223.5,8185,2332.2,2009/1/1,四川省
-948,100.4,3537,910,2009/1/1,贵州省
-2046,152.6,4571,1576.6,2009/1/1,云南省
-4718.5,30.9,296,4029.2,2009/1/1,西藏自治区
-356.1,84.3,3727,416.5,2009/1/1,陕西省
-122.8,120.6,2555,209,2009/1/1,甘肃省
-759.9,28.8,557,895.1,2009/1/1,青海省
55.3,72.2,625,8.4,2009/1/1,宁夏回族自治区
-466.3,530.9,2159,754.3,2009/1/1,新疆维吾尔自治区
3.8,35.1,1771,34.2,2008/1/1,北京市
10.8,22.3,1176,18.3,2008/1/1,天津市
18.3,195,6989,161,2008/1/1,河北省
-47.6,56.9,3411,87.4,2008/1/1,山西省
-269.4,175.8,2444,412.1,2008/1/1,内蒙古自治区
-105.1,142.8,4315,266,2008/1/1,辽宁省
-361.7,104.1,2734,332,2008/1/1,吉林省
-667.5,297,3825,462,2008/1/1,黑龙江省
64.7,119.8,2141,37,2008/1/1,上海市
213.6,558.3,7762,378,2008/1/1,江苏省
-692.4,216.6,5212,855.2,2008/1/1,浙江省
-550,266.4,6135,699.3,2008/1/1,安徽省
-591.6,198,3639,1036.9,2008/1/1,福建省
-898.3,234.2,4400,1356.2,2008/1/1,江西省
-130.6,219.9,9417,328.7,2008/1/1,山东省
-105.2,227.5,9429,371.3,2008/1/1,河南省
-560.1,270.7,5711,1033.9,2008/1/1,湖北省
-1005.9,323.6,6380,1600,2008/1/1,湖南省
-1474.2,461.5,9893,2206.8,2008/1/1,广东省
-1543.2,310.1,4816,2282.5,2008/1/1,广西壮族自治区
-373,46.9,854,419.1,2008/1/1,海南省
-447,82.8,2839,576.9,2008/1/1,重庆市
-2693.5,207.6,8138,2489.9,2008/1/1,四川省
-871.9,101.9,3596,1140.7,2008/1/1,贵州省
-2050.8,153.1,4543,2314.5,2008/1/1,云南省
-4626.5,37.5,292,4560.2,2008/1/1,西藏自治区
-277.7,85.5,3718,304,2008/1/1,陕西省
-221,122.2,2551,187.5,2008/1/1,甘肃省
-935.8,34.4,554,658.1,2008/1/1,青海省
51.5,74.2,618,9.2,2008/1/1,宁夏回族自治区
-310,528.2,2131,815.6,2008/1/1,新疆维吾尔自治区
17.1,34.8,1676,23.8,2007/1/1,北京市
20.3,23.4,1115,11.3,2007/1/1,天津市
68.8,202.5,6943,119.8,2007/1/1,河北省
-21.3,58.7,3393,103.4,2007/1/1,山西省
-257,180,2429,295.9,2007/1/1,内蒙古自治区
-125.7,142.9,4298,261.7,2007/1/1,辽宁省
-390.7,100.8,2730,346,2007/1/1,吉林省
-1201,291.4,3824,491.8,2007/1/1,黑龙江省
52.6,120.2,2064,34.5,2007/1/1,上海市
387.4,558.3,7723,495.7,2007/1/1,江苏省
-1155.7,211,5155,892.1,2007/1/1,浙江省
-262.2,232.1,6118,712.5,2007/1/1,安徽省
-1186.4,196.3,3612,1072.9,2007/1/1,福建省
-1798.3,234.9,4368,1113,2007/1/1,江西省
30.1,219.5,9367,387.1,2007/1/1,山东省
69.2,209.3,9360,465.2,2007/1/1,河南省
-310.5,258.7,5699,1015.1,2007/1/1,湖北省
-1765.3,324.3,6355,1426.5,2007/1/1,湖南省
-1655.9,462.5,9660,1581.2,2007/1/1,广东省
-1821.7,310.4,4768,1386.3,2007/1/1,广西壮族自治区
-205.9,46.7,845,283.5,2007/1/1,海南省
-421.6,77.4,2816,663,2007/1/1,重庆市
-2496.5,214,8127,2299.8,2007/1/1,四川省
-1008.9,98,3632,1054.6,2007/1/1,贵州省
-1378.9,150,4514,2255.5,2007/1/1,云南省
-4464.9,36.7,289,4321.4,2007/1/1,西藏自治区
-402.7,81.5,3708,377,2007/1/1,陕西省
-215.9,122.5,2548,228.7,2007/1/1,甘肃省
-893.1,31.1,552,661.6,2007/1/1,青海省
57.3,71,610,10.4,2007/1/1,宁夏回族自治区
-282.4,517.7,2095,863.8,2007/1/1,新疆维吾尔自治区
14.8,34.3,1601,22.1,2006/1/1,北京市
14.5,23,1075,10.1,2006/1/1,天津市
36.5,204,6898,107.3,2006/1/1,河北省
-42.4,59.3,3375,88.5,2006/1/1,山西省
-309.5,178.7,2415,411.3,2006/1/1,内蒙古自治区
-267.8,141.2,4271,261.4,2006/1/1,辽宁省
-468.5,102.9,2723,353.6,2006/1/1,吉林省
-1105.8,286.2,3823,727.9,2006/1/1,黑龙江省
38.9,118.6,1964,27.6,2006/1/1,上海市
28.6,546.4,7656,404.4,2006/1/1,江苏省
-862.7,208.3,5072,903.6,2006/1/1,浙江省
-1012.1,241.9,6110,580.5,2006/1/1,安徽省
-577.3,187.3,3585,1623.5,2006/1/1,福建省
-1441.5,205.7,4339,1630,2006/1/1,江西省
-152.8,225.8,9309,199.3,2006/1/1,山东省
-171.5,227,9392,321.8,2006/1/1,河南省
-1475.8,258.8,5693,639.7,2006/1/1,湖北省
-1813.8,327.7,6342,1770.3,2006/1/1,湖南省
-1220.9,459.4,9442,2216.2,2006/1/1,广东省
-1853.7,314.4,4719,1881.1,2006/1/1,广西壮族自治区
-219.6,46.5,836,227.6,2006/1/1,海南省
-696.8,73.2,2808,380.3,2006/1/1,重庆市
-3000.4,215.1,8169,1865.8,2006/1/1,四川省
-1238.5,100,3690,814.6,2006/1/1,贵州省
-1643.2,144.8,4483,1711.7,2006/1/1,云南省
-4565.1,35,285,4157.1,2006/1/1,西藏自治区
-329,84.1,3699,275.5,2006/1/1,陕西省
-298.1,122.3,2547,184.6,2006/1/1,甘肃省
-987.6,32.2,548,569,2006/1/1,青海省
59.2,77.6,604,10.6,2006/1/1,宁夏回族自治区
-230.6,513.4,2050,953.1,2006/1/1,新疆维吾尔自治区
-20.5,34.5,1538,23.2,2005/1/1,北京市
-7.5,23.1,1043,10.6,2005/1/1,天津市
-194.7,201.8,6851,134.6,2005/1/1,河北省
-135.3,55.7,3355,84.1,2005/1/1,山西省
-751.2,174.8,2403,456.2,2005/1/1,内蒙古自治区
-382.7,133.3,4221,377.2,2005/1/1,辽宁省
-349,98.4,2716,559.7,2005/1/1,吉林省
-871.8,271.5,3820,744.3,2005/1/1,黑龙江省
51.9,121.3,1890,24.5,2005/1/1,上海市
66.7,519.7,7588,467,2005/1/1,江苏省
-1178.3,209.9,4991,1014.4,2005/1/1,浙江省
-611.6,208,6120,719.3,2005/1/1,安徽省
-576.1,186.9,3557,1401.1,2005/1/1,福建省
-1170.3,208.1,4311,1510.1,2005/1/1,江西省
-315.2,211,9248,415.9,2005/1/1,山东省
-466.3,197.8,9380,558.5,2005/1/1,河南省
-852.7,253.4,5710,934,2005/1/1,湖北省
-1468.2,328.4,6326,1671,2005/1/1,湖南省
-814.2,459,9194,1747.5,2005/1/1,广东省
-1272.7,312.9,4660,1720.8,2005/1/1,广西壮族自治区
-296.6,44.1,828,307.3,2005/1/1,海南省
-678.7,71.2,2798,509.8,2005/1/1,重庆市
-2680.2,212.3,8212,2922.6,2005/1/1,四川省
-987.3,97.2,3730,834.6,2005/1/1,贵州省
-1455.5,146.8,4450,1846.4,2005/1/1,云南省
-4376.5,33.2,280,4451.1,2005/1/1,西藏自治区
-760.7,78.8,3690,490.6,2005/1/1,陕西省
-168.9,123,2545,269.6,2005/1/1,甘肃省
-817.7,30.7,543,876.1,2005/1/1,青海省
58.8,78.1,596,8.5,2005/1/1,宁夏回族自治区
-235.1,508.5,2010,962.8,2005/1/1,新疆维吾尔自治区
16.3,34.6,1493,21.3,2004/1/1,北京市
17,22.1,1024,14.3,2004/1/1,天津市
-5.6,195.9,6809,154.2,2004/1/1,河北省
-81.4,55.9,3335,92.5,2004/1/1,山西省
-317.7,171.5,2393,437.6,2004/1/1,内蒙古自治区
-435.7,130.2,4217,285.7,2004/1/1,辽宁省
-600.6,99.2,2709,323.7,2004/1/1,吉林省
-610.8,259.4,3817,652.1,2004/1/1,黑龙江省
72.6,118.1,1835,25,2004/1/1,上海市
419,525.6,7523,204,2004/1/1,江苏省
-766.5,207.8,4925,675.7,2004/1/1,浙江省
-244.7,209.7,6228,500.7,2004/1/1,安徽省
-1006.8,184.9,3529,712.2,2004/1/1,福建省
-1286.4,203.5,4284,1034.6,2004/1/1,江西省
-291.9,214.9,9180,349.5,2004/1/1,山东省
-21.4,200.7,9717,406.6,2004/1/1,河南省
-361.1,242.7,5698,926.4,2004/1/1,湖北省
-1352.8,323.6,6698,1641.3,2004/1/1,湖南省
-1821.9,464.8,9111,1187.7,2004/1/1,广东省
-1944.5,290.8,4889,1604.5,2004/1/1,广西壮族自治区
-318.2,46.3,818,171.1,2004/1/1,海南省
-304.7,67.5,2793,558.8,2004/1/1,重庆市
-1957.6,210.4,8090,2434.2,2004/1/1,四川省
-816.1,94.3,3904,991,2004/1/1,贵州省
-1579.4,146.9,4415,2106.3,2004/1/1,云南省
-4107.9,28,276,4665.2,2004/1/1,西藏自治区
-270.9,75.5,3681,309.4,2004/1/1,陕西省
-118.1,121.8,2541,171.9,2004/1/1,甘肃省
-701.2,30.2,539,606.8,2004/1/1,青海省
57.4,74,588,9.9,2004/1/1,宁夏回族自治区
-347.7,497.1,1963,855.4,2004/1/1,新疆维吾尔自治区
